{"SPXUSDT": 1772297897.2529275, "GPSUSDT": 1772297899.7494888, "BARDUSDT": 1772297902.2512875, "VVVUSDT": 1772297904.7514305, "ENSOUSDT": 1772297907.2543573, "LAYERUSDT": 1772297909.7577567, "ZETAUSDT": 1772297912.267515, "USUALUSDT": 1772297914.7671547, "GALAUSDT": 1772297917.2684824, "HOLOUSDT": 1772297919.7806659, "ATHUSDT": 1772297922.295334, "CYSUSDT": 1772297924.8025758, "WLDUSDT": 1772297927.3459487, "DEXEUSDT": 1772297929.849315, "DASHUSDT": 1772297932.37742}