{"BRETTUSDT": [{"ts": 1772297400.3176103, "funding": 5e-05}], "ZROUSDT": [{"ts": 1772297401.9103115, "funding": -2.9e-05}], "NIGHTUSDT": [{"ts": 1772297403.549433, "funding": 5e-05}], "BUSDT": [{"ts": 1772297405.3761659, "funding": 5e-05}], "MEUSDT": [{"ts": 1772297406.9029014, "funding": -0.000217}], "PEOPLEUSDT": [{"ts": 1772297408.492316, "funding": -0.000225}], "RIVERUSDT": [{"ts": 1772297410.0190308, "funding": 5e-05}], "ZILUSDT": [{"ts": 1772297411.6712778, "funding": 5e-05}], "ONTUSDT": [{"ts": 1772297413.195257, "funding": 5e-05}], "IOUSDT": [{"ts": 1772297414.69257, "funding": -3.9e-05}], "AXSUSDT": [{"ts": 1772297416.2947328, "funding": -0.000732}], "ARKMUSDT": [{"ts": 1772297417.8153791, "funding": -0.000393}], "MMTUSDT": [{"ts": 1772297419.3833652, "funding": 1.4e-05}], "SPXUSDT": [{"ts": 1772297420.8861685, "funding": -0.000442}], "MOVEUSDT": [{"ts": 1772297422.4531987, "funding": -0.000388}], "PNUTUSDT": [{"ts": 1772297423.9607806, "funding": 4.7e-05}], "ZENUSDT": [{"ts": 1772297425.4856634, "funding": -6.9e-05}], "4USDT": [{"ts": 1772297427.0384479, "funding": 5e-05}], "NOMUSDT": [{"ts": 1772297428.5727026, "funding": 5e-05}], "XDCUSDT": [{"ts": 1772297430.1216712, "funding": 5e-05}], "USUSDT": [{"ts": 1772297431.6170278, "funding": 5e-05}], "OPUSDT": [{"ts": 1772297433.1479757, "funding": 0.0001}], "USUALUSDT": [{"ts": 1772297434.6568573, "funding": -0.000381}], "SIRENUSDT": [{"ts": 1772297436.1587174, "funding": 5e-05}], "RENDERUSDT": [{"ts": 1772297437.6797059, "funding": -1e-05}], "SKYUSDT": [{"ts": 1772297439.2635663, "funding": -8e-06}], "GASUSDT": [{"ts": 1772297440.7502687, "funding": -0.000226}], "KMNOUSDT": [{"ts": 1772297442.2576048, "funding": 5e-05}], "AUCTIONUSDT": [{"ts": 1772297443.7800333, "funding": 4.6e-05}], "ENAUSDT": [{"ts": 1772297445.3135965, "funding": 5e-05}], "SKRUSDT": [{"ts": 1772297446.8517883, "funding": 1e-06}], "FUSDT": [{"ts": 1772297448.3926172, "funding": 5e-05}], "BANUSDT": [{"ts": 1772297449.8956249, "funding": 9.2e-05}], "BOMEUSDT": [{"ts": 1772297451.4390042, "funding": -6.8e-05}], "MASKUSDT": [{"ts": 1772297452.9808726, "funding": 5e-05}], "AVAXUSDT": [{"ts": 1772297454.5166035, "funding": 2.8e-05}], "ZKCUSDT": [{"ts": 1772297456.0751996, "funding": 5e-05}], "MAGMAUSDT": [{"ts": 1772297457.6282134, "funding": 5e-05}], "REZUSDT": [{"ts": 1772297459.1207397, "funding": 5e-05}], "1000SATSUSDT": [{"ts": 1772297460.9056718, "funding": 5e-05}], "BLESSUSDT": [{"ts": 1772297462.4597256, "funding": 5e-05}], "TRIAUSDT": [{"ts": 1772297463.9903514, "funding": -0.000321}], "CROSSUSDT": [{"ts": 1772297465.510756, "funding": 5e-05}], "SUSDT": [{"ts": 1772297467.1067867, "funding": -0.000373}], "BGBUSDT": [{"ts": 1772297468.616455, "funding": 0.0001}], "APRUSDT": [{"ts": 1772297470.1128926, "funding": 5e-05}], "ADAUSDT": [{"ts": 1772297471.6554885, "funding": 6.6e-05}], "ELSAUSDT": [{"ts": 1772297473.2034495, "funding": -0.000215}], "AWEUSDT": [{"ts": 1772297474.7733138, "funding": 2.6e-05}], "SPKUSDT": [{"ts": 1772297476.330587, "funding": -0.00085}], "APTUSDT": [{"ts": 1772297477.8665159, "funding": 7.5e-05}], "COWUSDT": [{"ts": 1772297479.3974173, "funding": 5e-05}], "KAIAUSDT": [{"ts": 1772297480.9141269, "funding": 5e-05}], "TONUSDT": [{"ts": 1772297482.437975, "funding": -0.000224}], "SONICUSDT": [{"ts": 1772297483.9408867, "funding": 5e-05}], "IPUSDT": [{"ts": 1772297485.4553661, "funding": -6.5e-05}], "TOWNSUSDT": [{"ts": 1772297487.0054615, "funding": 5e-05}], "LYNUSDT": [{"ts": 1772297488.5180452, "funding": 5e-05}], "BARDUSDT": [{"ts": 1772297490.0405028, "funding": -0.001715}], "KAITOUSDT": [{"ts": 1772297491.5411313, "funding": 5e-05}], "KGENUSDT": [{"ts": 1772297493.0831075, "funding": 5e-05}], "ALLOUSDT": [{"ts": 1772297494.6081421, "funding": 5e-05}], "FORMUSDT": [{"ts": 1772297496.1280146, "funding": 5e-05}], "HOLOUSDT": [{"ts": 1772297497.7428777, "funding": -0.000995}], "ATHUSDT": [{"ts": 1772297499.2374756, "funding": -0.002521}], "FFUSDT": [{"ts": 1772297500.738078, "funding": 5e-05}], "KSMUSDT": [{"ts": 1772297502.2954977, "funding": 0.0001}], "COINUSDT": [{"ts": 1772297503.8236446, "funding": -0.005}], "ENSOUSDT": [{"ts": 1772297505.3348567, "funding": -0.000287}], "FILUSDT": [{"ts": 1772297506.8690026, "funding": 0.0001}], "ZORAUSDT": [{"ts": 1772297508.365224, "funding": -0.00118}], "ATUSDT": [{"ts": 1772297509.878107, "funding": 5e-05}], "C98USDT": [{"ts": 1772297511.3762693, "funding": 0.0001}], "VVVUSDT": [{"ts": 1772297512.908875, "funding": -0.000367}], "LIGHTUSDT": [{"ts": 1772297514.4581943, "funding": -0.001361}], "ZAMAUSDT": [{"ts": 1772297515.9633482, "funding": 5e-05}], "XPLUSDT": [{"ts": 1772297517.4533212, "funding": 5e-05}], "BIOUSDT": [{"ts": 1772297518.9569032, "funding": -0.000471}], "STEEMUSDT": [{"ts": 1772297520.633292, "funding": -0.00034}], "KASUSDT": [{"ts": 1772297522.154904, "funding": -7.5e-05}], "IOTXUSDT": [{"ts": 1772297523.7030444, "funding": -0.000172}], "INUSDT": [{"ts": 1772297525.212233, "funding": 5e-05}], "INXUSDT": [{"ts": 1772297526.7603118, "funding": 0.000616}], "CHZUSDT": [{"ts": 1772297528.2874734, "funding": -5.4e-05}], "LINKUSDT": [{"ts": 1772297529.8257487, "funding": 3.4e-05}], "FLUIDUSDT": [{"ts": 1772297531.3539958, "funding": 5e-05}], "AGLDUSDT": [{"ts": 1772297532.8983414, "funding": -0.000108}], "JTOUSDT": [{"ts": 1772297534.4354463, "funding": -0.000378}], "ZKPUSDT": [{"ts": 1772297535.9343457, "funding": 5e-05}], "LDOUSDT": [{"ts": 1772297537.4489868, "funding": -0.000578}], "VELVETUSDT": [{"ts": 1772297538.9596555, "funding": 0.000596}], "GIGGLEUSDT": [{"ts": 1772297540.522148, "funding": 5e-05}], "JCTUSDT": [{"ts": 1772297542.0469615, "funding": 5e-05}], "WAXPUSDT": [{"ts": 1772297543.6155796, "funding": 5e-05}], "PUMPUSDT": [{"ts": 1772297545.1863995, "funding": -0.000111}], "ACHUSDT": [{"ts": 1772297546.713566, "funding": 0.0001}], "ETHFIUSDT": [{"ts": 1772297548.2476811, "funding": 5e-05}], "BERAUSDT": [{"ts": 1772297549.7568758, "funding": -4.9e-05}], "WUSDT": [{"ts": 1772297551.259851, "funding": -4.3e-05}], "RESOLVUSDT": [{"ts": 1772297552.7588558, "funding": 5e-05}], "SHIBUSDT": [{"ts": 1772297554.2467697, "funding": 0.0001}], "BLURUSDT": [{"ts": 1772297555.7461438, "funding": 0.0001}], "BEATUSDT": [{"ts": 1772297557.2917829, "funding": 6.3e-05}], "XPINUSDT": [{"ts": 1772297558.8146136, "funding": 5e-05}], "GRTUSDT": [{"ts": 1772297560.3487263, "funding": 0.0001}], "CYSUSDT": [{"ts": 1772297561.847039, "funding": -0.000118}], "FLOKIUSDT": [{"ts": 1772297563.3451893, "funding": -0.000636}], "WLDUSDT": [{"ts": 1772297564.9008, "funding": -0.000379}], "LAYERUSDT": [{"ts": 1772297566.431319, "funding": -0.001729}], "ALGOUSDT": [{"ts": 1772297567.9491909, "funding": -9.3e-05}], "LAUSDT": [{"ts": 1772297569.4788084, "funding": -0.000216}], "STGUSDT": [{"ts": 1772297571.0084333, "funding": 0.0001}], "SSVUSDT": [{"ts": 1772297572.5270157, "funding": 0.0001}], "MYXUSDT": [{"ts": 1772297574.0592613, "funding": 5e-05}], "VANRYUSDT": [{"ts": 1772297575.556102, "funding": 5e-05}], "GOATUSDT": [{"ts": 1772297577.092762, "funding": -0.000279}], "PENGUUSDT": [{"ts": 1772297578.6072924, "funding": 1.7e-05}], "MANAUSDT": [{"ts": 1772297580.1279101, "funding": 2e-05}], "INJUSDT": [{"ts": 1772297581.841937, "funding": -0.000118}], "AKTUSDT": [{"ts": 1772297583.3790097, "funding": 5e-05}], "CROUSDT": [{"ts": 1772297584.871595, "funding": 0.0001}], "CTKUSDT": [{"ts": 1772297586.400803, "funding": -0.000745}], "ATOMUSDT": [{"ts": 1772297587.9575126, "funding": -0.000199}], "SXTUSDT": [{"ts": 1772297589.5253825, "funding": -0.000968}], "API3USDT": [{"ts": 1772297591.0406055, "funding": -0.00035}], "TUSDT": [{"ts": 1772297592.543857, "funding": 5e-05}], "CRVUSDT": [{"ts": 1772297594.0401385, "funding": -0.000203}], "TIAUSDT": [{"ts": 1772297595.5944195, "funding": 4.9e-05}], "MOODENGUSDT": [{"ts": 1772297597.106176, "funding": 3e-06}], "DEXEUSDT": [{"ts": 1772297598.6304648, "funding": -0.000175}], "UAIUSDT": [{"ts": 1772297600.1947546,